{"WIH":[[14.755927,-1.2349529,-2.647044,2.1476922,-0.5084937,-1.0641656,0.3877997,2.3420532],[-7.887013,3.3103263,-2.3641963,-5.969072,8.457807,4.949666,2.5427234,0.22897245],[-13.095721,-2.8093586,1.6221563,-2.6823556,-8.837047,-5.297927,2.2236185,-2.4721599],[7.330841,5.2043986,6.422195,0.27686998,0.80068576,-3.984865,-6.129454,3.8048708]],"WHO":[[-3.4679127,3.416175,3.145695,-12.754506],[1.3164126,-6.1306186,-4.0142484,5.9458246],[-3.9516234,1.0202384,-1.7757845,6.460141],[-1.765793,-3.4704547,-1.0529197,4.4789314],[-1.2685337,4.29741,3.7181904,-9.497622],[-2.607047,-1.0169994,1.9346045,-2.2628517],[2.359047,1.2751553,-0.57621956,-10.19362],[-1.2819598,-1.0432241,-1.8731837,4.3507075]],"BH":[0.0012332201,0.29122102,-0.52303463,0.009563208,0.24845672,-0.977543,0.023534417,-0.16067576],"BO":[0.89482474,-0.88398576,-0.46117008,0.1829549]}